subsystem	subsystem_version	machine_type	time_stamp	code_size	initialized_data_size	unitialized_data_size	os_version	magic	pe_entry_point	md5
Windows GUI	5.1	Intel 386 or later, and compatibles	2018:06:19 00:49:16+00:00	80896	110592	0	5.1	PE32 executable for MS Windows (GUI) Intel 80386 32-bit	39996	ccc5b602d11eca38537c62277c8c1e2d
Windows GUI	4.0	Intel 386 or later, and compatibles	2008:09:27 04:51:42+00:00	53248	172032	0	4.0	PE32 executable for MS Windows (GUI) Intel 80386 32-bit	12335	faeac9a9389c589c15bf3ec13f5b0761
Windows GUI	4.0	Intel 386 or later, and compatibles	2008:09:27 04:51:42+00:00	53248	172032	0	4.0	PE32 executable for MS Windows (GUI) Intel 80386 32-bit	12335	1bfbf6afd739632c58a3fcc3ac73e7b4
Windows GUI	5.1	Intel 386 or later, and compatibles	2015:03:24 11:48:16+00:00	50176	165888	0	5.1	PE32 executable for MS Windows (GUI) Intel 80386 32-bit	43729	179ae4ec79c4affb21b54674e2e641f8
Windows GUI	4.0	Intel 386 or later, and compatibles	2019:05:29 13:49:02+00:00	45056	221184	0	4.0	PE32 executable for MS Windows (GUI) Intel 80386 32-bit	45327	ac523495303814bdf07f7f8e4b133ba5
Windows GUI	4.0	Intel 386 or later, and compatibles	2019:05:29 13:49:02+00:00	81920	4096	192512	4.0	PE32 executable for MS Windows (GUI) Intel 80386 32-bit	45327	e57b0f45572c162cd5583519f5ec1019
Windows GUI	4.0	Intel 386 or later, and compatibles	2017:05:09 02:47:42+00:00	82944	25600	0	5.1	PE32 executable for MS Windows (GUI) Intel 80386 32-bit	12670	115285076ccb6dd8960cd27e41e72f2d
Windows GUI	4.0	Intel 386 or later, and compatibles	2008:09:27 04:51:42+00:00	53248	245760	0	4.0	PE32 executable for MS Windows (GUI) Intel 80386 32-bit	12335	c264d635d05008f726fa8cb8611663d7
				0	0	0		PE32 executable for MS Windows (GUI) Intel 80386 32-bit	45327	a26d9c59ecef741d882d84ac9097297f
Windows GUI	4.0	Intel 386 or later, and compatibles	2008:09:27 04:51:42+00:00	53248	163840	0	4.0	PE32 executable for MS Windows (GUI) Intel 80386 32-bit	12335	e6519b556516937a157af204cee80006
Windows GUI	4.0	Intel 386 or later, and compatibles	2019:05:29 13:49:02+00:00	45056	221184	0	4.0	PE32 executable for MS Windows (GUI) Intel 80386 32-bit	45327	1802d2cf0d86593be5b61808bf5b3d0b
Windows GUI	4.0	Intel 386 or later, and compatibles	2019:05:29 13:49:02+00:00	81920	4096	192512	4.0	PE32 executable for MS Windows (GUI) Intel 80386 32-bit	45327	e6dea619e927cb5ad1837dbac364ae93
Windows GUI	4.0	Intel 386 or later, and compatibles	2019:05:29 13:49:02+00:00	81920	4096	192512	4.0	PE32 executable for MS Windows (GUI) Intel 80386 32-bit	45327	c44c922eb9a832b9f0e6add68dc4c7d3
Windows GUI	4.0	Intel 386 or later, and compatibles	2019:05:29 13:49:02+00:00	45056	221184	0	4.0	PE32 executable for MS Windows (GUI) Intel 80386 32-bit	45327	c81b5a29d59bb0212c13eaf82889e103
Windows GUI	4.0	Intel 386 or later, and compatibles	2008:09:27 04:51:42+00:00	53248	200704	0	4.0	PE32 executable for MS Windows (GUI) Intel 80386 32-bit	12335	7152f895012d0db20dda321d5ce2a098
Windows GUI	4.0	Intel 386 or later, and compatibles	2019:05:29 13:49:02+00:00	45056	221184	0	4.0	PE32 executable for MS Windows (GUI) Intel 80386 32-bit	45327	2840a08d787adc4a16a0244b59cb3100
Windows GUI	4.0	Intel 386 or later, and compatibles	2019:05:29 13:49:02+00:00	45056	221184	0	4.0	PE32 executable for MS Windows (GUI) Intel 80386 32-bit	45327	758ec5dfe1c29cb1a65f7b7dfdfa60da
Windows GUI	4.0	Intel 386 or later, and compatibles	2008:09:27 04:51:42+00:00	53248	245760	0	4.0	PE32 executable for MS Windows (GUI) Intel 80386 32-bit	12335	565dbea2dfa36cff3743e29ee64a2bb4
Windows GUI	4.0	Intel 386 or later, and compatibles	2019:05:29 13:49:02+00:00	81920	4096	192512	4.0	PE32 executable for MS Windows (GUI) Intel 80386 32-bit	45327	774ce6800177cf768da73679f691eb6a
Windows GUI	5.1	Intel 386 or later, and compatibles	2017:05:09 05:09:20+00:00	60416	152064	0	5.1	PE32 executable for MS Windows (GUI) Intel 80386 32-bit	13890	148ad7aa5afbbb461637c383f7b14f61
Windows GUI	4.0	Intel 386 or later, and compatibles	2008:09:27 04:51:42+00:00	53248	245760	0	4.0	PE32 executable for MS Windows (GUI) Intel 80386 32-bit	12335	6d81fae2bbe84998bd1b8e62bf00351f
Windows GUI	4.0	Intel 386 or later, and compatibles	2008:09:27 04:51:42+00:00	53248	364544	0	4.0	PE32 executable for MS Windows (GUI) Intel 80386 32-bit	12335	41e746088281ed8d35d5d4e9278691ef
Windows GUI	4.0	Intel 386 or later, and compatibles	2019:05:29 13:49:02+00:00	81920	4096	192512	4.0	PE32 executable for MS Windows (GUI) Intel 80386 32-bit	45327	3721ee013adda0ab29341fbee3204011
Windows GUI	4.0	Intel 386 or later, and compatibles	2019:05:29 13:49:02+00:00	45056	221184	0	4.0	PE32 executable for MS Windows (GUI) Intel 80386 32-bit	45327	4951f1e53f01b309849db7e99fec3632
Windows GUI	5.1	Intel 386 or later, and compatibles	2017:05:09 05:09:20+00:00	60416	152064	0	5.1	PE32 executable for MS Windows (GUI) Intel 80386 32-bit	13890	5962d2245468b2e15148fd90b177d083
Windows GUI	4.0	Intel 386 or later, and compatibles	2008:09:27 04:51:42+00:00	53248	200704	0	4.0	PE32 executable for MS Windows (GUI) Intel 80386 32-bit	12335	291409109d479d9c570be5e33cf3ab48
Windows GUI	4.0	Intel 386 or later, and compatibles	2019:05:29 13:49:02+00:00	81920	4096	192512	4.0	PE32 executable for MS Windows (GUI) Intel 80386 32-bit	45327	c9a6378df08a4b8c4246620c75091aab
Windows GUI	4.0	Intel 386 or later, and compatibles	2008:09:27 04:51:42+00:00	53248	364544	0	4.0	PE32 executable for MS Windows (GUI) Intel 80386 32-bit	12335	663d9f4f8556af2e80248a0974f83c75
Windows GUI	4.0	Intel 386 or later, and compatibles	2008:09:27 04:51:42+00:00	53248	364544	0	4.0	PE32 executable for MS Windows (GUI) Intel 80386 32-bit	12335	746213ed51aec2a5907915d3f536878e
Windows GUI	4.0	Intel 386 or later, and compatibles	2008:09:27 04:51:42+00:00	53248	200704	0	4.0	PE32 executable for MS Windows (GUI) Intel 80386 32-bit	12335	5d25fe0b7a745dd4e1cf92a0f2c79045
Windows GUI	4.0	Intel 386 or later, and compatibles	2019:05:29 13:49:02+00:00	45056	221184	0	4.0	PE32 executable for MS Windows (GUI) Intel 80386 32-bit	45327	1f423b7ff63950937532d313482ad8d3
Windows GUI	4.0	Intel 386 or later, and compatibles	2019:05:29 13:49:02+00:00	81920	4096	192512	4.0	PE32 executable for MS Windows (GUI) Intel 80386 32-bit	45327	c38efb8c26057fd530b6387c849a4ff4
Windows GUI	4.0	Intel 386 or later, and compatibles	2008:09:27 04:51:42+00:00	53248	364544	0	4.0	PE32 executable for MS Windows (GUI) Intel 80386 32-bit	12335	2970fd0e20b0daef86b6498de86459f6
Windows GUI	4.0	Intel 386 or later, and compatibles	2008:09:27 04:51:42+00:00	53248	200704	0	4.0	PE32 executable for MS Windows (GUI) Intel 80386 32-bit	12335	55009297c910e0604775d05435314e4d
Windows GUI	4.0	Intel 386 or later, and compatibles	2019:05:29 13:49:02+00:00	45056	221184	0	4.0	PE32 executable for MS Windows (GUI) Intel 80386 32-bit	45327	c2730226a62a2f33e217a6c896906954
Windows GUI	5.1	Intel 386 or later, and compatibles	2018:06:19 00:49:16+00:00	80896	110592	0	5.1	PE32 executable for MS Windows (GUI) Intel 80386 32-bit	39996	c49902192d72975666720ea8cc85266a
Windows GUI	4.0	Intel 386 or later, and compatibles	2019:05:29 13:49:02+00:00	81920	4096	192512	4.0	PE32 executable for MS Windows (GUI) Intel 80386 32-bit	45327	23e0f03b6a6ec0e3e50cf3718dc550e0
Windows GUI	4.0	Intel 386 or later, and compatibles	2008:09:27 04:51:42+00:00	53248	245760	0	4.0	PE32 executable for MS Windows (GUI) Intel 80386 32-bit	12335	57e8ef3df2e0abe6d7ff36dfd3d37afe
Windows GUI	4.0	Intel 386 or later, and compatibles	2008:09:27 04:51:42+00:00	53248	364544	0	4.0	PE32 executable for MS Windows (GUI) Intel 80386 32-bit	12335	72dbda0303afd4bd09918a4327e575a6
Windows GUI	4.0	Intel 386 or later, and compatibles	2008:09:27 04:51:42+00:00	53248	172032	0	4.0	PE32 executable for MS Windows (GUI) Intel 80386 32-bit	12335	266233862094320aed4439544f086eff
Windows GUI	4.0	Intel 386 or later, and compatibles	2019:05:29 13:49:02+00:00	81920	4096	192512	4.0	PE32 executable for MS Windows (GUI) Intel 80386 32-bit	45327	1160b9e96d8968ead6d906ff4663a6c9
Windows GUI	4.0	Intel 386 or later, and compatibles	2019:05:29 13:49:02+00:00	81920	4096	192512	4.0	PE32 executable for MS Windows (GUI) Intel 80386 32-bit	45327	ada9e60839697795b795670fba4d0616
Windows GUI	4.0	Intel 386 or later, and compatibles	2019:05:29 13:49:02+00:00	45056	221184	0	4.0	PE32 executable for MS Windows (GUI) Intel 80386 32-bit	45327	5ac4df555b11e536ed625d374418a823
Windows GUI	4.0	Intel 386 or later, and compatibles	2019:05:29 13:49:02+00:00	81920	4096	192512	4.0	PE32 executable for MS Windows (GUI) Intel 80386 32-bit	45327	ca3e8986dd0d0139f664513ea6bc923c
Windows GUI	4.0	Intel 386 or later, and compatibles	2008:09:27 04:51:42+00:00	53248	364544	0	4.0	PE32 executable for MS Windows (GUI) Intel 80386 32-bit	12335	36211e683c77142cdbeb34bae233c1c5
Windows GUI	4.0	Intel 386 or later, and compatibles	2008:09:27 04:51:42+00:00	53248	245760	0	4.0	PE32 executable for MS Windows (GUI) Intel 80386 32-bit	12335	e6a735fef823f196d835fe7211da5588
Windows GUI	4.0	Intel 386 or later, and compatibles	2019:05:29 13:49:02+00:00	81920	4096	192512	4.0	PE32 executable for MS Windows (GUI) Intel 80386 32-bit	45327	d5ab5d9e7a392fd139b8acb94e23a831
Windows GUI	4.0	Intel 386 or later, and compatibles	2008:09:27 04:51:42+00:00	53248	200704	0	4.0	PE32 executable for MS Windows (GUI) Intel 80386 32-bit	12335	e43c62ed8d074e1b9d3525cff4c35891
Windows GUI	4.0	Intel 386 or later, and compatibles	2008:09:27 04:51:42+00:00	53248	200704	0	4.0	PE32 executable for MS Windows (GUI) Intel 80386 32-bit	12335	be2db841c4f5a17a51645e55fce7ce43
Windows GUI	4.0	Intel 386 or later, and compatibles	2008:09:27 04:51:42+00:00	53248	245760	0	4.0	PE32 executable for MS Windows (GUI) Intel 80386 32-bit	12335	96bc3884cad09da69c8f051071981d6b
Windows GUI	4.0	Intel 386 or later, and compatibles	2008:09:27 04:51:42+00:00	53248	200704	0	4.0	PE32 executable for MS Windows (GUI) Intel 80386 32-bit	12335	0d06c1aa64b12124e766ec0f551c9969
Windows GUI	4.0	Intel 386 or later, and compatibles	2019:05:29 13:49:02+00:00	81920	4096	192512	4.0	PE32 executable for MS Windows (GUI) Intel 80386 32-bit	45327	820703ce94238ecca31fff0481a835a3
